question,image_url,top1_name,top2_name,top3_name,compare_top1,compare_top2,compare_top3,chosen_top,chosen_name,pred_answer,evidence,raw_answer_text,hit_at
این فرد کیست و در چه زمینه ای فعالیت داشته است؟,https://th.bing.com/th/id/R.160f7eae6c078d2470d8ddaf9ac63852?rik=PAp6KjqSKQI7DQ&pid=ImgRaw&r=0,نیما یوشیج,نیما یوشیج,نادر ابراهیمی,بله,,,top1,نیما یوشیج,نیما یوشیج شاعر,نیما یوشیج، معروف به علی اسفندیاری و پدر شعر نو، در 21 آبان 1276 در یوش، استان مازندران، متولد شد. او به عنوان شاعر و نویسنده فعالیت می‌کرد و آثاری چون افسانه، ای شب، ققنوس، غراب و روجا از او به جا مانده است.,"{
  ""predicted_option"": ""نیما یوشیج شاعر"",
  ""evidence"": ""نیما یوشیج، معروف به علی اسفندیاری و پدر شعر نو، در 21 آبان 1276 در یوش، استان مازندران، متولد شد. او به عنوان شاعر و نویسنده فعالیت می‌کرد و آثاری چون افسانه، ای شب، ققنوس، غراب و روجا از او به جا مانده است.""
}",1
این چهره ی چه کسی است؟,https://th.bing.com/th/id/R.f19cd7c574fb1ceb37d0dd7557333735?rik=lLL0kQFoooPrMA&pid=ImgRaw&r=0,علی دایی,رسول خادم,علیرضا بیرانوند,بله,,,top1,علی دایی,علی دایی,این تصویر متعلق به علی دایی است. این بیوگرافی برای اوست: علی دایی، ورزشکار فوتبال، در تاریخ 1 فروردین 1348 (56 سال) در اردبیل متولد شده است.,"{
  ""predicted_option"": ""علی دایی"",
  ""evidence"": ""این تصویر متعلق به علی دایی است. این بیوگرافی برای اوست: علی دایی، ورزشکار فوتبال، در تاریخ 1 فروردین 1348 (56 سال) در اردبیل متولد شده است.""
}",1
این چهره ی چه کسی است؟,https://tse3.mm.bing.net/th/id/OIP.jYgq1FpWPqXFzJozqYAbaAHaE8?r=0&rs=1&pid=ImgDetMain&o=7&rm=3,آرین سلیمی,امیر معماری,علی رحیمی کازرونی,بله,,,top1,آرین سلیمی,آرین سلیمی,آرین سلیمی، ورزشکار تکواندو، در تاریخ 25 آذر 1382 (21 سال) در کرمانشاه متولد شده است,"{
  ""predicted_option"": ""آرین سلیمی"",
  ""evidence"": ""آرین سلیمی، ورزشکار تکواندو، در تاریخ 25 آذر 1382 (21 سال) در کرمانشاه متولد شده است""
}",1
این چهره ی چه کسی است و در چه تیمی بازی کرده است؟,https://tse1.mm.bing.net/th/id/OIP.HWeitJoEEB6czPH9_vBFnAAAAA?r=0&rs=1&pid=ImgDetMain&o=7&rm=3,امیر عابدزاده,احمدرضا عابدزاده,محمدجواد محمدی,بله,,,top1,امیر عابدزاده,امیر عابدزاده، پرسپولیس,امیر عابدزاده، ورزشکار فوتبال، در تاریخ 6 اردیبهشت 1372 (32 سال) در تهران، ایران متولد شده است، در تیم‌های ... پرسپولیس ... بازی کرده است.,"{
  ""predicted_option"": ""امیر عابدزاده، پرسپولیس"",
  ""evidence"": ""امیر عابدزاده، ورزشکار فوتبال، در تاریخ 6 اردیبهشت 1372 (32 سال) در تهران، ایران متولد شده است، در تیم‌های ... پرسپولیس ... بازی کرده است.""
}",1
این چهره ی چه کسی است و در چه رشته ای فعالیت میکند؟,https://th.bing.com/th/id/R.57c6d4b5dd95b0ab883305644766e509?rik=pe6okxuixqaihQ&pid=ImgRaw&r=0,رزیتا علی‌پور,الهه احمدی,حمیده عباسعلی,بله,,,top1,رزیتا علی‌پور,رزیتا علیپور، کاراته,رزیتا علی‌پور، متولد 15 تیر 1368، کاراته‌کار در سبک کومیته,"{
  ""predicted_option"": ""رزیتا علیپور، کاراته"",
  ""evidence"": ""رزیتا علی‌پور، متولد 15 تیر 1368، کاراته‌کار در سبک کومیته""
}",1
این چهره ی چه کسی است و در چه رشته ای فعالیت میکند؟,https://tse3.mm.bing.net/th/id/OIP.1SroD7i6k-t2T7z7T8ulsAHaE8?r=0&rs=1&pid=ImgDetMain&o=7&rm=3,حامد حدادی,وانه خچومیان,نیما عالمیان,بله,,,top1,حامد حدادی,حامد حدادی ، بسکتبال,این تصویر متعلق به حامد حدادی است. این بیوگرافی برای اوست: حامد حدادی، ورزشکار بسکتبال,"{
  ""predicted_option"": ""حامد حدادی ، بسکتبال"",
  ""evidence"": ""این تصویر متعلق به حامد حدادی است. این بیوگرافی برای اوست: حامد حدادی، ورزشکار بسکتبال""
}",1
این چهره ی چه کسی است و در کجا متولد شده است؟,https://tse1.mm.bing.net/th/id/OIP.nU_OzOvZ6YmVGsrnEwkJfAHaFk?r=0&rs=1&pid=ImgDetMain&o=7&rm=3,بهروز مکوندی,بهروز وثوقی,جاسم امیری,بله,,,top1,بهروز مکوندی,بهروز مکوندی، مسجدسلیمان,بهروز مکوندی، ورزشکار فوتبال، در تاریخ 23 اوت 1963 (61 سال) در مسجدسلیمان، ایران متولد شده است,"{
  ""predicted_option"": ""بهروز مکوندی، مسجدسلیمان"",
  ""evidence"": ""بهروز مکوندی، ورزشکار فوتبال، در تاریخ 23 اوت 1963 (61 سال) در مسجدسلیمان، ایران متولد شده است""
}",1
این فرد چه کسی است و در چه تیمی بازی کرده است؟,https://tse1.mm.bing.net/th/id/OIP.99bDP9MqeM01dUFJwcS5JQHaGL?r=0&rs=1&pid=ImgDetMain&o=7&rm=3,زهره کودایی,سعید صادقی,ساره جوانمردی,بله,,,top1,زهره کودایی,زهره کودایی سپاهان,زهره کودایی، ورزشکار فوتبال، در تاریخ 3 آذر 1368 در سپاهان متولد شده است، در تیم‌های شهرداری بم، شهرداری سنندج، پاس همدان، سپاهان و ذوب‌آهن بازی کرده است.,"{
  ""predicted_option"": ""زهره کودایی سپاهان"",
  ""evidence"": ""زهره کودایی، ورزشکار فوتبال، در تاریخ 3 آذر 1368 در سپاهان متولد شده است، در تیم‌های شهرداری بم، شهرداری سنندج، پاس همدان، سپاهان و ذوب‌آهن بازی کرده است.""
}",1
این فرد چه کسی است؟,https://th.bing.com/th/id/R.0041d3d9cef0a1d121c4a610b90e36cc?rik=e5XMOU%2bP0YtBKw&riu=http%3a%2f%2fwww.parvaresheafkar.com%2fwp-content%2fuploads%2f2018%2f07%2fReza-Yazdani-24.jpg&ehk=6pBqo35rfX9r5HqlOSJJk06OEYe57NejQEbzbs%2fMfiQ%3d&risl=&pid=ImgRaw&r=0&sres=1&sresct=1,رضا یزدانی,رضا یزدان‌دوست,حسین کریمی,خیر,خیر,خیر,none,,,,,0
این فرد چه کسی است و در چه رشته ای بازی میکند؟,https://tse1.mm.bing.net/th/id/OIP.UnmNcdG5ULdYoUDye-VChAHaFG?r=0&rs=1&pid=ImgDetMain&o=7&rm=3,رضا حقیقی,رضا صفایی,ایمان شوریابی,بله,,,top1,رضا حقیقی,رضا حقیقی فوتبال,رضا حقیقی، ورزشکار فوتبال، در تاریخ 12 بهمن 1367 (36 سال) در پیام خراسان متولد شده است,"{
  ""predicted_option"": ""رضا حقیقی فوتبال"",
  ""evidence"": ""رضا حقیقی، ورزشکار فوتبال، در تاریخ 12 بهمن 1367 (36 سال) در پیام خراسان متولد شده است""
}",1
این فرد چه کسی است و در کجا متولد شده است؟,https://th.bing.com/th/id/R.187bbebdf8a9c7f626a0337b6229ccec?rik=uKkLXodBbhlH9Q&pid=ImgRaw&r=0,فرشاد احمدزاده,ایمان شوریابی,سینا خادم‌پور,بله,,,top1,فرشاد احمدزاده,فرشاد احمدزاده ارومیه,فرشاد احمدزاده، ورزشکار فوتبال، در تاریخ 1 مهر 1371 (32 سال) در ارومیه، ایران متولد شده است,"{
  ""predicted_option"": ""فرشاد احمدزاده ارومیه"",
  ""evidence"": ""فرشاد احمدزاده، ورزشکار فوتبال، در تاریخ 1 مهر 1371 (32 سال) در ارومیه، ایران متولد شده است""
}",1
فردی که در تصویر است چه کسی است در چه تیم هایی بازی کرده است؟,https://th.bing.com/th/id/R.70cd6788173c6370fe61bee178841b79?rik=vVEsG%2b4ek8FsVw&pid=ImgRaw&r=0&sres=1&sresct=1,علیرضا منصوریان,علیرضا منصوریان,سجاد انوشیروانی,بله,,,top1,علیرضا منصوریان,علیرضا منصوریان بالستیر گیلانگ,در تیم‌های پارس‌خودرو، استقلال تهران، بالستیر سنترال، گیلانگ یونایتد، استقلال تهران، اسکودا زانتی، آپولون اسمیرنیس، سن پائولی و استقلال تهران بازی کرده است.,"{
  ""predicted_option"": ""علیرضا منصوریان بالستیر گیلانگ"",
  ""evidence"": ""در تیم‌های پارس‌خودرو، استقلال تهران، بالستیر سنترال، گیلانگ یونایتد، استقلال تهران، اسکودا زانتی، آپولون اسمیرنیس، سن پائولی و استقلال تهران بازی کرده است.""
}",1
این استادبزرگ شطرنج در کجا متولد  شده است؟,https://tse3.mm.bing.net/th/id/OIP.y9VAAtWqiE2cGNB1H_2jXAHaFj?r=0&rs=1&pid=ImgDetMain&o=7&rm=3,امامعلی حبیبی,محمدقلی بیگ طرشتی تهرانی,محمد بلبلی,خیر,خیر,خیر,none,,,,,0
نام و رشته ی ورزشی این فرد چیست؟,https://www.wwe.com/f/styles/talent_champion_xl/public/all/2019/12/Ariya_Daivari_Pro--2478ed8b72ef28afc706786f23e365a5.png,آریا داوری,آریا داوری,علی والی,بله,,,top1,آریا داوری,آریا داوری کشتی,آریا داوری، ورزشکار کشتی، در تاریخ 11 آوریل 1989 در پلیموث، مینه‌سوتا متولد شده است.,"{
  ""predicted_option"": ""آریا داوری کشتی"",
  ""evidence"": ""آریا داوری، ورزشکار کشتی، در تاریخ 11 آوریل 1989 در پلیموث، مینه‌سوتا متولد شده است.""
}",1
نام و سن این فرد چیست؟,https://tse3.mm.bing.net/th/id/OIP.O4akfyyFPkQpa0cF-ZwdhgHaEl?r=0&rs=1&pid=ImgDetMain&o=7&rm=3,علی علیپور,علی کریمی,سعید شیرود قربانی,بله,,,top1,علی علیپور,علی علیپور 29 سال,علی علیپور، ورزشکار فوتبال، در تاریخ 20 آبان 1374 (29 سال) در قائم‌شهر، ایران متولد شده است,"{
  ""predicted_option"": ""علی علیپور 29 سال"",
  ""evidence"": ""علی علیپور، ورزشکار فوتبال، در تاریخ 20 آبان 1374 (29 سال) در قائم‌شهر، ایران متولد شده است""
}",1
فردی که در تصویر است چه کسی است؟,https://tse2.mm.bing.net/th/id/OIP.gvGKE6y8v7rzVLqEg-Q1ngHaHa?r=0&rs=1&pid=ImgDetMain&o=7&rm=3,علی رحیمی کازرونی,علی شفیعی,حسن رحیمی,بله,,,top1,علی رحیمی کازرونی,,این تصویر متعلق به علی رحیمی کازرونی است. این بیوگرافی برای اوست: علی رحیمی کازرونی، ورزشکار هندبال.,"{
  ""predicted_option"": ""علی رحیمی کازرونی"",
  ""evidence"": ""این تصویر متعلق به علی رحیمی کازرونی است. این بیوگرافی برای اوست: علی رحیمی کازرونی، ورزشکار هندبال.""
}",1
نام و رشته ی ورزشی این فرد چیست؟,https://th.bing.com/th/id/R.27d5e77674dd8e33a13543d12cc74c14?rik=eki3Mdcb%2fEyL7Q&pid=ImgRaw&r=0,الهام فلاح,شیوا مقانلو,الهام شیخی,بله,,,top1,الهام فلاح,الهام فلاح والیبال,الهام فلاح، ورزشکار والیبال، در تاریخ 25 فروردین 1373 (31 سال) شیراز در تیم ملی بزرگسالان ایران متولد شده است,"{
  ""predicted_option"": ""الهام فلاح والیبال"",
  ""evidence"": ""الهام فلاح، ورزشکار والیبال، در تاریخ 25 فروردین 1373 (31 سال) شیراز در تیم ملی بزرگسالان ایران متولد شده است""
}",1
کدام گزینه درباره ی این فرد صحیح است؟,https://tse1.mm.bing.net/th/id/OIP.El10jtpn4kDl1xtsd8MSFQHaHI?r=0&rs=1&pid=ImgDetMain&o=7&rm=3,علی انصاریان,محمدحسن انصاری‌فرد,کریم انصاری‌فرد,بله,,,top1,علی انصاریان,این فرد علی انصاریان است و در تیم استقلال بازی کرده است.,علی انصاریان، متولد 14 تیر 1356 در تهران، بازیکن فوتبال، بازیگر و مجری بود.,"{
  ""predicted_option"": ""این فرد علی انصاریان است و در تیم استقلال بازی کرده است."",
  ""evidence"": ""علی انصاریان، متولد 14 تیر 1356 در تهران، بازیکن فوتبال، بازیگر و مجری بود.""
}",1
این چهره ی چه کسی است و در کجا متولد شده است؟,https://tse2.mm.bing.net/th/id/OIP.uTkBFD_F0Uj8GWPZLaAyegHaER?r=0&rs=1&pid=ImgDetMain&o=7&rm=3,سردار آزمون,سردار آزمون,احسان علوان‌زاده,بله,,,top1,سردار آزمون,سردار آزمون گنبد کاووس,سردار آزمون، ورزشکار فوتبال، در تاریخ 11 دی 1373 (30 سال) در گنبد کاووس، ایران متولد شده است,"{
  ""predicted_option"": ""سردار آزمون گنبد کاووس"",
  ""evidence"": ""سردار آزمون، ورزشکار فوتبال، در تاریخ 11 دی 1373 (30 سال) در گنبد کاووس، ایران متولد شده است""
}",1
نام و رشته ی ورزشی این فرد چیست؟,https://tse4.mm.bing.net/th/id/OIP.yCtnWvn5riSF3HrY-wsCBAHaFa?r=0&rs=1&pid=ImgDetMain&o=7&rm=3,رامین رضاییان,رامین رضاییان,کاوه رضایی,بله,,,top1,رامین رضاییان,رامین رضاییان فوتبال,رامین رضاییان، ورزشکار فوتبال، در تاریخ 1 فروردین 1369 (35 سال) در سمسکنده علیا، ساری، مازندران، ایران متولد شده است.,"{
  ""predicted_option"": ""رامین رضاییان فوتبال"",
  ""evidence"": ""رامین رضاییان، ورزشکار فوتبال، در تاریخ 1 فروردین 1369 (35 سال) در سمسکنده علیا، ساری، مازندران، ایران متولد شده است.""
}",1
این چهره ی چه کسی است؟,https://th.bing.com/th/id/R.c2a19d01aaae453d47e53eee49d895f1?rik=Z2Z5Yj%2f3vNBkvA&pid=ImgRaw&r=0,رحمان احمدی,عاقل حبیبیان,قربان بردیف,بله,,,top1,رحمان احمدی,رحمان احمدی,این تصویر متعلق به رحمان احمدی است. این بیوگرافی برای اوست: رحمان احمدی، ورزشکار فوتبال، در تاریخ 8 مرداد 1359 (44 سال) در نوشهر، ایران متولد شده است.,"{
  ""predicted_option"": ""رحمان احمدی"",
  ""evidence"": ""این تصویر متعلق به رحمان احمدی است. این بیوگرافی برای اوست: رحمان احمدی، ورزشکار فوتبال، در تاریخ 8 مرداد 1359 (44 سال) در نوشهر، ایران متولد شده است.""
}",1
نام این فرد چیست و در چه فیلمی ایفای نقش کرده است؟,https://tse1.mm.bing.net/th/id/OIP.eH2W9QEttNzFORPGnT5qmAHaHJ?r=0&rs=1&pid=ImgDetMain&o=7&rm=3,لاله اسکندری,لاله اسکندری,گوهر خیراندیش,بله,,,top1,لاله اسکندری,لیلا حاتمی مادر,لاله اسکندری، متولد 9 دی 1354 در تربت‌حیدریه، استان خراسان رضوی، بازیگر، عکاس و نقاش ایرانی است که از سال 1378 فعالیت خود را آغاز کرد.,"{
  ""predicted_option"": ""لیلا حاتمی مادر"",
  ""evidence"": ""لاله اسکندری، متولد 9 دی 1354 در تربت‌حیدریه، استان خراسان رضوی، بازیگر، عکاس و نقاش ایرانی است که از سال 1378 فعالیت خود را آغاز کرد.""
}",1
نام این فرد چیست و در چه فیلمی ایفای نقش کرده است؟,https://tse3.mm.bing.net/th/id/OIP.wTv1ZDsK6QEbw3zhHMJdOAHaE7?r=0&rs=1&pid=ImgDetMain&o=7&rm=3,سجاد انوشیروانی,سیامک انصاری,مهران مدیری,بله,,,top1,سجاد انوشیروانی,,این تصویر متعلق به سجاد انوشیروانی است. این بیوگرافی برای اوست: سجاد انوشیروانی، ورزشکار وزنه‌برداری.,"{
  ""predicted_option"": ""هیچ یک از گزینه‌ها"",
  ""evidence"": ""این تصویر متعلق به سجاد انوشیروانی است. این بیوگرافی برای اوست: سجاد انوشیروانی، ورزشکار وزنه‌برداری.""
}",1
این فرد در چه زمینه ای فعالیت دارد و چه جایزه ای برده است؟,https://tse1.mm.bing.net/th/id/OIP.moUrQ-zi0k6Tg4eKzpK9IwHaJM?r=0&rs=1&pid=ImgDetMain&o=7&rm=3,شهره آغداشلو,هنگامه قاضیانی,هوتن شکیبا,بله,,,top1,شهره آغداشلو,بازیگر جایزه امی,آغداشلو در مجموعه‌های تلویزیونی مانند «24» (1384)، «خانه صدام» (1387) و «گستره» (1394) نقش‌آفرینی کرده و برنده جایزه امی برای «خانه صدام» (1387) شده است.,"{
  ""predicted_option"": ""بازیگر جایزه امی"",
  ""evidence"": ""آغداشلو در مجموعه‌های تلویزیونی مانند «24» (1384)، «خانه صدام» (1387) و «گستره» (1394) نقش‌آفرینی کرده و برنده جایزه امی برای «خانه صدام» (1387) شده است.""
}",1
این فرد در چه زمینه ای فعالیت دارد و چه جایزه ای برده است؟,https://th.bing.com/th/id/R.8b4a52ba89961896d18613f35096e4b7?rik=lID6hxx8Fu7j7w&pid=ImgRaw&r=0&sres=1&sresct=1,سیمین بهبهانی,هنگامه قاضیانی,شهره آغداشلو,بله,,,top1,سیمین بهبهانی,ادبیات نامزد جایزه نوبل ادبیات,سیمین بهبهانی، معروف به سیمین خلیلی و نیمای غزل، در 28 تیر 1306 در تهران متولد شد. او به عنوان شاعر، نویسنده، معلم و غزل‌سرا فعالیت می‌کرد و ... بین سال‌های 1999 تا 2002 نامزد جایزه نوبل ادبیات بود.,"{
  ""predicted_option"": ""ادبیات نامزد جایزه نوبل ادبیات"",
  ""evidence"": ""سیمین بهبهانی، معروف به سیمین خلیلی و نیمای غزل، در 28 تیر 1306 در تهران متولد شد. او به عنوان شاعر، نویسنده، معلم و غزل‌سرا فعالیت می‌کرد و ... بین سال‌های 1999 تا 2002 نامزد جایزه نوبل ادبیات بود.""
}",1
نام این فرد چیست و در چه فیلمی ایفای نقش کرده است؟,https://tse4.mm.bing.net/th/id/OIP.asCQmagGF0B8sBJH2rn8mAHaJO?r=0&rs=1&pid=ImgDetMain&o=7&rm=3,الناز شاکردوست,مهناز افشار,الهام حمیدی,بله,,,top1,الناز شاکردوست,الناز شاکردوست شبی که ماه کامل شد,الناز شاکردوست، متولد 7 تیر 1363 در تهران، بازیگر از دهه 1380 است. او در فیلم‌هایی چون «گل یخ» (1383)، «شبی که ماه کامل شد» (1397)، «بی‌بدن» (1402) و نمایش خانگی «قلب یخی» (1389) بازی کرد و برنده سیمرغ بلورین برای «شبی که ماه کامل شد» (1397) شد.,"{
  ""predicted_option"": ""الناز شاکردوست شبی که ماه کامل شد"",
  ""evidence"": ""الناز شاکردوست، متولد 7 تیر 1363 در تهران، بازیگر از دهه 1380 است. او در فیلم‌هایی چون «گل یخ» (1383)، «شبی که ماه کامل شد» (1397)، «بی‌بدن» (1402) و نمایش خانگی «قلب یخی» (1389) بازی کرد و برنده سیمرغ بلورین برای «شبی که ماه کامل شد» (1397) شد.""
}",1
نام این فرد چیست و در چه فیلمی ایفای نقش کرده است؟,https://tse3.mm.bing.net/th/id/OIP.wHlmXn_JJW9lhdz-RXvpXgHaKU?r=0&rs=1&pid=ImgDetMain&o=7&rm=3,لاله اسکندری,الهام حمیدی,الناز شاکردوست,بله,,,top1,لاله اسکندری,,لاله اسکندری، متولد 9 دی 1354 در تربت‌حیدریه، استان خراسان رضوی، بازیگر، عکاس و نقاش ایرانی است که از سال 1378 فعالیت خود را آغاز کرد. او در فیلم‌هایی مانند «متولد ماه مهر» (1378)، «شراره» (1378)، «این زن حرف نمی‌زند» (1381) و ... نقش‌آفرینی کرده است.,"{
  ""predicted_option"": ""هیچ یک از گزینه‌ها دقیقا"",
  ""evidence"": ""لاله اسکندری، متولد 9 دی 1354 در تربت‌حیدریه، استان خراسان رضوی، بازیگر، عکاس و نقاش ایرانی است که از سال 1378 فعالیت خود را آغاز کرد. او در فیلم‌هایی مانند «متولد ماه مهر» (1378)، «شراره» (1378)، «این زن حرف نمی‌زند» (1381) و ... نقش‌آفرینی کرده است.""
}",1
این فرد چه کسی است و در چه زمینه ای فعالیت دارد؟,https://tse1.mm.bing.net/th/id/OIP.0SodOeiZfiitss2ADxrPngHaFJ?r=0&rs=1&pid=ImgDetMain&o=7&rm=3,مازیار فلاحی,مازیار فلاحی,فرزاد فرزین,بله,,,top1,مازیار فلاحی,مازیار فلاحی خواننده,مازیار فلاحی، متولد 26 مهر 1353 در تهران، خواننده، آهنگساز و ترانه‌سرا ایرانی است که از سال 1386 فعالیت خود را آغاز کرد.,"{
  ""predicted_option"": ""مازیار فلاحی خواننده"",
  ""evidence"": ""مازیار فلاحی، متولد 26 مهر 1353 در تهران، خواننده، آهنگساز و ترانه‌سرا ایرانی است که از سال 1386 فعالیت خود را آغاز کرد.""
}",1
این فرد چه کسی است و در چه زمینه ای فعالیت دارد؟,https://th.bing.com/th/id/R.d2809c25a8599b09b8e020b498a83fd0?rik=1VGY1AJ3Y9lsVg&riu=http%3a%2f%2fwww.wikijoo.ir%2fimages%2fthumb%2ff%2ff0%2f41020400-1.jpg%2f600px-41020400-1.jpg&ehk=IOMjGjCOgkLoenDNsvUGYYzaZzcdKJzExP0u2cCr%2fxk%3d&risl=&pid=ImgRaw&r=0,سید مصطفی هاشمی‌طبا,بهرام رادان,علی دایی,بله,,,top1,سید مصطفی هاشمی‌طبا,علی دایی ورزشی,سید مصطفی هاشمی‌طبا، شخصیت ورزشی و سیاسی با مدرک مهندسی نساجی از دانشگاه صنعتی امیرکبیر است.,"{
  ""predicted_option"": ""علی دایی ورزشی"",
  ""evidence"": ""سید مصطفی هاشمی‌طبا، شخصیت ورزشی و سیاسی با مدرک مهندسی نساجی از دانشگاه صنعتی امیرکبیر است.""
}",1
کدام گزاره درباره ی این فرد صحیح است؟,https://tse4.mm.bing.net/th/id/OIP.5ronTcCLOqQbpQzR7u9T1QHaGh?r=0&rs=1&pid=ImgDetMain&o=7&rm=3,ژاله صامتی,لاله اسکندری,پریناز ایزدیار,بله,,,top1,ژاله صامتی,او برای بازی در «زیرخاکی» مورد توجه مخاطبان قرار گرفت,او برای بازی در «زیرخاکی» مورد توجه مخاطبان قرار گرفت.,"{
  ""predicted_option"": ""او برای بازی در «زیرخاکی» مورد توجه مخاطبان قرار گرفت"",
  ""evidence"": ""او برای بازی در «زیرخاکی» مورد توجه مخاطبان قرار گرفت.""
}",1
کدام گزاره درباره ی این فرد صحیح است؟,https://tse4.mm.bing.net/th/id/OIP.baWaOo-ZFMv-aR9eZot_VQHaFZ?r=0&rs=1&pid=ImgDetMain&o=7&rm=3,پریناز ایزدیار,شبنم مقدمی,لاله اسکندری,بله,,,top1,پریناز ایزدیار,در سال 1394 برنده جایزه بهترین بازیگر زن در جشن حافظ برای «شهرزاد» شد,ایزدیار در سال 1394 برنده جایزه بهترین بازیگر زن در جشن حافظ برای «شهرزاد» شد.,"{
  ""predicted_option"": ""در سال 1394 برنده جایزه بهترین بازیگر زن در جشن حافظ برای «شهرزاد» شد"",
  ""evidence"": ""ایزدیار در سال 1394 برنده جایزه بهترین بازیگر زن در جشن حافظ برای «شهرزاد» شد.""
}",1
این فرد کیست و چه فعالیتی داشته است؟,https://tse1.mm.bing.net/th/id/OIP.zNyif5uIB2C_VNQVSh-BAgAAAA?r=0&rs=1&pid=ImgDetMain&o=7&rm=3,امید روحانی,سید ابراهیم نبوی,محمدرضا فروتن,بله,,,top1,امید روحانی,,امید روحانی، متولد 6 سرطان 1340 در تهران، بازیگر و پزشک ایرانی است که از دهه 1370 فعالیت هنری خود را آغاز کرده است.,"{
  ""predicted_option"": ""هیچ یک از گزینه‌ها"",
  ""evidence"": ""امید روحانی، متولد 6 سرطان 1340 در تهران، بازیگر و پزشک ایرانی است که از دهه 1370 فعالیت هنری خود را آغاز کرده است.""
}",1
کدام گزاره درباره ی این فرد صحیح است؟,https://tse1.explicit.bing.net/th/id/OIP.Glx3Z6PX8Bki-6QhbySrmQHaHa?r=0&rs=1&pid=ImgDetMain&o=7&rm=3,محسن یگانه,رضا یزدانی,لاله اسکندری,بله,,,top1,محسن یگانه,برای تیتراژ سریال‌هایی مانند «قلب یخی» (1389) و «آسپرین» (1395) آهنگ اجرا کرد و به دلیل ترانه‌های عاشقانه و اجتماعی‌اش محبوبیت زیادی کسب کرد,یگانه برای تیتراژ سریال‌هایی مانند «قلب یخی» (1389) و «آسپرین» (1395) آهنگ اجرا کرد و به دلیل ترانه‌های عاشقانه و اجتماعی‌اش محبوبیت زیادی کسب کرد.,"{
  ""predicted_option"": ""برای تیتراژ سریال‌هایی مانند «قلب یخی» (1389) و «آسپرین» (1395) آهنگ اجرا کرد و به دلیل ترانه‌های عاشقانه و اجتماعی‌اش محبوبیت زیادی کسب کرد"",
  ""evidence"": ""یگانه برای تیتراژ سریال‌هایی مانند «قلب یخی» (1389) و «آسپرین» (1395) آهنگ اجرا کرد و به دلیل ترانه‌های عاشقانه و اجتماعی‌اش محبوبیت زیادی کسب کرد.""
}",1
این فرد چه کسی است و در چه زمینه ای فعالیت دارد؟,https://tse2.mm.bing.net/th/id/OIP.OHU2Io2IHVVf2OXiZ8Cq_QHaHa?r=0&pid=ImgDet&w=474&h=474&rs=1&o=7&rm=3,میترا حجار,بهاره رهنما,زهرا داوودنژاد,بله,,,top1,میترا حجار,میترا حجار بازیگر,میترا حجار، متولد 15 دلو 1355 در مشهد، بازیگر ایرانی است که از دهه 1370 فعالیت خود را آغاز کرده است.,"{
  ""predicted_option"": ""میترا حجار بازیگر"",
  ""evidence"": ""میترا حجار، متولد 15 دلو 1355 در مشهد، بازیگر ایرانی است که از دهه 1370 فعالیت خود را آغاز کرده است.""
}",1
این فرد چه کسی است و در چه زمینه ای فعالیت دارد؟,https://tse4.mm.bing.net/th/id/OIP.8zRBmGAW8yddb7vuV7qjRwHaE3?r=0&rs=1&pid=ImgDetMain&o=7&rm=3,فریدون فرّخزاد,فریدون فرخزاد,فروغ فرخزاد,بله,,,top1,فریدون فرّخزاد,فریدون فرخزاد شاعر,فریدون فرخزاد، متولد 23 مهر 1315 در تهران، خواننده و شاعر بود.,"{
  ""predicted_option"": ""فریدون فرخزاد شاعر"",
  ""evidence"": ""فریدون فرخزاد، متولد 23 مهر 1315 در تهران، خواننده و شاعر بود.""
}",1
نام این فرد چیست و در چه فیلمی ایفای نقش کرده است؟,https://tse3.mm.bing.net/th/id/OIP.YVmg2rPvhMdatQt8aWucLAHaEK?r=0&rs=1&pid=ImgDetMain&o=7&rm=3,مهناز افشار,نیلوفر لاری‌پور,لیلا اوتادی,بله,,,top1,مهناز افشار,مهناز افشار آتش بس,مهناز افشار، متولد 21 خرداد 1356 در تهران، بازیگری برجسته از دهه 1370 است. او در فیلم‌هایی چون «سعادت‌آباد» (1389)، «برف روی کاج‌ها» (1390) و «دارکوب» (1396) و مجموعه‌های تلویزیونی مانند «عاشقانه» (1395) نقش‌آفرینی کرده است.,"{
  ""predicted_option"": ""مهناز افشار آتش بس"",
  ""evidence"": ""مهناز افشار، متولد 21 خرداد 1356 در تهران، بازیگری برجسته از دهه 1370 است. او در فیلم‌هایی چون «سعادت‌آباد» (1389)، «برف روی کاج‌ها» (1390) و «دارکوب» (1396) و مجموعه‌های تلویزیونی مانند «عاشقانه» (1395) نقش‌آفرینی کرده است.""
}",1
این فرد چه کسی است و در چه زمینه ای فعالیت دارد؟,https://tse2.mm.bing.net/th/id/OIP.tlCNcmVIbFDNwmBhnWkOugHaE8?r=0&rs=1&pid=ImgDetMain&o=7&rm=3,بهرام رادان,بهرام افشاری,علی دایی,بله,,,top1,بهرام رادان,بهرام رادان بازیگر,بهرام رادان، متولد 8 ثور 1358 در تهران، بازیگر ایرانی است که از دهه 1370 فعالیت خود را آغاز کرده است.,"{
  ""predicted_option"": ""بهرام رادان بازیگر"",
  ""evidence"": ""بهرام رادان، متولد 8 ثور 1358 در تهران، بازیگر ایرانی است که از دهه 1370 فعالیت خود را آغاز کرده است.""
}",1
این فرد در چه فیلمی ایفای نقش کرده است؟,https://tse1.explicit.bing.net/th/id/OIP.iZg_c-rdLg_XVFNVUiR5AAHaE7?r=0&rs=1&pid=ImgDetMain&o=7&rm=3,علی زند,حمید جبلی,الیاس هوریابند,بله,,,top1,علی زند,,این تصویر متعلق به علی زند است. این بیوگرافی برای اوست: علی زند، ورزشکار کاراته، در تاریخ 4 خرداد 1378 (25 سال) در اراک متولد شده است...,"{
  ""predicted_option"": ""هیچ یک از گزینه‌ها"",
  ""evidence"": ""این تصویر متعلق به علی زند است. این بیوگرافی برای اوست: علی زند، ورزشکار کاراته، در تاریخ 4 خرداد 1378 (25 سال) در اراک متولد شده است...""
}",1
این فرد در کجا ترور شده است؟,https://th.bing.com/th/id/R.eec2e9e3533f78d1841df0b43b9dca8c?rik=Jz0gZWC8VG8z6Q&riu=http%3a%2f%2fwww.iichs.ir%2fUpload%2fImage%2f139404%2fOrginal%2f1a43399f_b798_495b_9e50_79e2bd61a9a7.jpg&ehk=GuDDfeZ56jJuDGXnlEoN2QztolfdYVWoUwUM9K1BFbI%3d&risl=&pid=ImgRaw&r=0,شیوا مقانلو,بهرام چوبین,زهرا اینچه‌درگاهی,خیر,خیر,خیر,none,,,,,0
این فرد در چه سالهایی رئیس جمهور بوده است؟,https://th.bing.com/th/id/R.f59e8a325435156a4f92daf8e4a2ac3c?rik=COt%2bmPO39g%2bTiw&pid=ImgRaw&r=0,رسول نجفیان,لاله اسکندری,امیرعلی دانایی,خیر,خیر,خیر,none,,,,,0
این فرد چه کسی است؟,https://tse4.mm.bing.net/th/id/OIP.8VXvn8OkoKC7BIj68MulpwHaKe?r=0&rs=1&pid=ImgDetMain&o=7&rm=3,فهرست مربیان تیم ملی فوتبال ایران,وزیر ورزش و جوانان,امید کردستانی,بله,,,top1,فهرست مربیان تیم ملی فوتبال ایران,دهمین رئیس فدراسیون فوتبال ایران,این تصویر متعلق به فهرست مربیان تیم ملی فوتبال ایران,"{
  ""predicted_option"": ""دهمین رئیس فدراسیون فوتبال ایران"",
  ""evidence"": ""این تصویر متعلق به فهرست مربیان تیم ملی فوتبال ایران""
}",1
این بازیگر چه جوایزی برده است؟,https://tse2.mm.bing.net/th/id/OIP.3BPkGZJwP4ErAuNEGHToGwHaEK?r=0&rs=1&pid=ImgDetMain&o=7&rm=3,نیکی کریمی,مریلا زارعی,مریلا زارعی,بله,,,top1,نیکی کریمی,برای «عروس» و «سارا» جوایز بهترین بازیگر زن از جشنواره فیلم فجر دریافت کرد,کریمی برای «عروس» و «سارا» جوایز بهترین بازیگر زن از جشنواره فیلم فجر دریافت کرد.,"{
  ""predicted_option"": ""برای «عروس» و «سارا» جوایز بهترین بازیگر زن از جشنواره فیلم فجر دریافت کرد"",
  ""evidence"": ""کریمی برای «عروس» و «سارا» جوایز بهترین بازیگر زن از جشنواره فیلم فجر دریافت کرد.""
}",1
این بازیگر چه جوایزی برده است؟,https://th.bing.com/th/id/R.cd0ade9c5fe6de520fc7fefb708c477b?rik=0Q%2bx2IfC5z6m3w&pid=ImgRaw&r=0,محمدرضا فروتن,شهرام حقیقت‌دوست,بانیپال شومون,بله,,,top1,محمدرضا فروتن,موفق به دریافت سیمرغ بلورین بهترین بازیگر نقش اول مرد از جشنواره فیلم فجر برای فیلم «قرمز» (1377) شده است,فروتن موفق به دریافت سیمرغ بلورین بهترین بازیگر نقش اول مرد از جشنواره فیلم فجر برای فیلم «قرمز» (1377) شده است.,"{
  ""predicted_option"": ""موفق به دریافت سیمرغ بلورین بهترین بازیگر نقش اول مرد از جشنواره فیلم فجر برای فیلم «قرمز» (1377) شده است"",
  ""evidence"": ""فروتن موفق به دریافت سیمرغ بلورین بهترین بازیگر نقش اول مرد از جشنواره فیلم فجر برای فیلم «قرمز» (1377) شده است.""
}",1
این خواننده در چه سریال هایی بازی کرده است؟,https://th.bing.com/th/id/R.9066073cb3ce0030962ee24129b9903f?rik=GR4DWxquvBGyHA&pid=ImgRaw&r=0,لاله اسکندری,سیامک انصاری,رسول نجفیان,خیر,خیر,خیر,none,,,,,0
این بازیگر در چه فیلم هایی نقش آفرینی کرده است؟,https://th.bing.com/th?id=OIF.NvKU%2fgYlktDgUZMHWOqNcg&r=0&rs=1&pid=ImgDetMain&o=7&rm=3,مهرداد صدیقیان,رسول نجفیان,عباس غزالی,بله,,,top1,مهرداد صدیقیان,او در فیلم‌هایی مانند «ماجرای نیمروز» در سال 1395، «اتوبوس شب» در سال 1385، و «قاعده تصادف» در سال 1391 نقش‌آفرینی کرده است,این بازیگر در چه فیلم هایی نقش آفرینی کرده است؟ - او در فیلم‌هایی مانند «ماجرای نیمروز» در سال 1395، «اتوبوس شب» در سال 1385، و «قاعده تصادف» در سال 1391 نقش‌آفرینی کرده است,"{
  ""predicted_option"": ""او در فیلم‌هایی مانند «ماجرای نیمروز» در سال 1395، «اتوبوس شب» در سال 1385، و «قاعده تصادف» در سال 1391 نقش‌آفرینی کرده است"",
  ""evidence"": ""این بازیگر در چه فیلم هایی نقش آفرینی کرده است؟ - او در فیلم‌هایی مانند «ماجرای نیمروز» در سال 1395، «اتوبوس شب» در سال 1385، و «قاعده تصادف» در سال 1391 نقش‌آفرینی کرده است""
}",1
این فرد چه آلبوم هایی دارد؟,https://th.bing.com/th/id/R.28543d95d7ffce6ee22e9cfcdc77b545?rik=3P%2biVy9U7NGz6g&pid=ImgRaw&r=0,هادی پاکزاد,رسول نجفیان,فریدون آسرایی,خیر,خیر,بله,top3,فریدون آسرایی,آلبوم هایی مانند «سرگذشت» (1377),فریدون آسرایی، متولد 17 مرداد 1335 در آسارا، خواننده ایرانی است که از سال 1377 فعالیت خود را آغاز کرد. او آلبوم‌هایی مانند «سرگذشت» (1377)، «اولین سلام» (1380)، «غریبه» (1383)، «از تو دورم» (1386)، «ریمیکس» (1387)، «خاطرات گم‌شده» (1390)، «عشق یعنی» (1393) و «آخرین سلام» (1402) منتشر کرد.,"{
  ""predicted_option"": ""آلبوم هایی مانند «سرگذشت» (1377)"",
  ""evidence"": ""فریدون آسرایی، متولد 17 مرداد 1335 در آسارا، خواننده ایرانی است که از سال 1377 فعالیت خود را آغاز کرد. او آلبوم‌هایی مانند «سرگذشت» (1377)، «اولین سلام» (1380)، «غریبه» (1383)، «از تو دورم» (1386)، «ریمیکس» (1387)، «خاطرات گم‌شده» (1390)، «عشق یعنی» (1393) و «آخرین سلام» (1402) منتشر کرد.""
}",3
این شاعر در چه سالی درگذشت؟,https://tse2.mm.bing.net/th/id/OIP.ExDlWxIGjqpW6nD6ng3t1gHaFL?r=0&rs=1&pid=ImgDetMain&o=7&rm=3,اسفندیار قره‌باغی,سهراب سپهری,خلیل عقاب,بله,,,top1,اسفندیار قره‌باغی,,او با سرودهایی چون «ای ایران» (1350) و «آمریکا، آمریکا» و سمفونی‌هایی مانند «خلیج‌فارس» شناخته شد و در 17 آذر 1401 درگذشت.,"{
  ""predicted_option"": ""در سال 1401 شمسی درگذشت."",
  ""evidence"": ""او با سرودهایی چون «ای ایران» (1350) و «آمریکا، آمریکا» و سمفونی‌هایی مانند «خلیج‌فارس» شناخته شد و در 17 آذر 1401 درگذشت.""
}",1
این فرد کیست و در چه سالی درگذشت؟,https://tse3.mm.bing.net/th/id/OIP.D05hnHmRRtotHo6HhQeotwHaE8?r=0&rs=1&pid=ImgDetMain&o=7&rm=3,قیصر امین‌پور,فروغی بسطامی,الهامی کرمانشاهی,خیر,خیر,بله,top3,الهامی کرمانشاهی,فروغی بسطامی، شاعر دوره قاجاریان، در سال 1213 هجری قمری در کربلا زاده شد و در سال 1274 هجری درگذشت. او دیوان اشعار را سرود.,او در سال 1325 هجری قمری در کرمانشاه درگذشت.,"{
  ""predicted_option"": ""فروغی بسطامی، شاعر دوره قاجاریان، در سال 1213 هجری قمری در کربلا زاده شد و در سال 1274 هجری درگذشت. او دیوان اشعار را سرود."",
  ""evidence"": ""او در سال 1325 هجری قمری در کرمانشاه درگذشت.""
}",3
این فرد چه آثاری خلق کرده است؟,https://tse4.mm.bing.net/th/id/OIP.jmSfNbyoI_UJgSgWdg7PJgHaFH?r=0&rs=1&pid=ImgDetMain&o=7&rm=3,هرمز سیرتی,حبیب محبیان,سید ابراهیم نبوی,بله,,,top1,هرمز سیرتی,او آثاری مانند «خاطرات انهدام» و «هویت: در ستایش ساندرو بوتیچلی» خلق کرد,هرمز سیرتی، متولد سال 1319 در بابل، مازندران، بازیگر تئاتر، سینما، تلویزیون و رادیو ایرانی است که از دهه چهل فعالیت خود را آغاز کرد.,"{
  ""predicted_option"": ""او آثاری مانند «خاطرات انهدام» و «هویت: در ستایش ساندرو بوتیچلی» خلق کرد"",
  ""evidence"": ""هرمز سیرتی، متولد سال 1319 در بابل، مازندران، بازیگر تئاتر، سینما، تلویزیون و رادیو ایرانی است که از دهه چهل فعالیت خود را آغاز کرد.""
}",1
این شاعر چه آثاری دارد؟,https://th.bing.com/th/id/R.20d72fd44870ac1fa9c0b30e9337abf6?rik=7wp1%2f9JnY7%2bcQg&riu=http%3a%2f%2fbiographyha.com%2fwp-content%2fuploads%2f2014%2f04%2fManouchehr-ehterami-biographya-com-4.jpg&ehk=sFukI3v6%2ba8aXT5iHJ8Zop5sWh9RVByeXVX3xrRkBZg%3d&risl=&pid=ImgRaw&r=0,منوچهر احترامی,یدالله طارمی,سید ابراهیم نبوی,بله,,,top1,منوچهر احترامی, او آثاری چون حسنی نگو یه دسته گل و خروس نگو یه ساعت را برای کودکان نوشت,او آثاری چون حسنی نگو یه دسته گل و خروس نگو یه ساعت را برای کودکان نوشت.,"{
  ""predicted_option"": ""او آثاری چون حسنی نگو یه دسته گل و خروس نگو یه ساعت را برای کودکان نوشت"",
  ""evidence"": ""او آثاری چون حسنی نگو یه دسته گل و خروس نگو یه ساعت را برای کودکان نوشت.""
}",1
